2025-12-08T12:30:00.475182,user,Hi?
2025-12-08T12:30:00.476097,assistant,(No compatible GenAI method found or an error occurred.)
2025-12-08T12:35:13.901567,user,Hi?
2025-12-08T12:35:13.901567,assistant,(No compatible GenAI method found or an error occurred.)
2025-12-08T12:36:16.020291,user,Hi?
2025-12-08T12:36:16.023665,assistant,(No compatible GenAI method found or an error occurred.)
2025-12-08T12:37:10.081199,user,Hi?
2025-12-08T12:37:10.083095,assistant,(No compatible GenAI method found or an error occurred.)
2025-12-08T12:37:21.484248,user,Hi?
2025-12-08T12:37:21.486287,assistant,(No compatible GenAI method found or an error occurred.)
2025-12-08T12:41:31.250234,user,Hi?
2025-12-08T12:41:31.250234,assistant,(No compatible GenAI method found or an error occurred.)
2025-12-08T13:18:07.622768,user,Hi?
2025-12-08T13:18:08.815671,assistant,The AI system is currently unavailable (out of tokens or quota). Please try again later.
